d,N0,v0,time0_ms,N1,v1,time1_ms,N2,v2,time2_ms,N3,v3,time3_ms,v_AM
0,1,0.0,1.0135173797607422,2,54.81686121767795,1.043558120727539,4,37.7288724983598,0.9963512420654297,8,30.74449229470341,0.99945068359375,29.631747809540993
1,2,54.81686121767795,0.9996891021728516,4,37.7288724983598,0.9870529174804688,8,30.74449229470341,1.0182857513427734,16,27.220713063430633,1.9960403442382812,23.515305776929942
2,4,37.7288724983598,1.3132095336914062,8,30.74449229470341,2.009868621826172,16,27.220713063430633,0.9963512420654297,32,25.260101079352072,2.998828887939453,23.09431224542405
3,8,30.74449229470341,2.003192901611328,16,27.220713063430633,2.5577545166015625,32,25.260101079352072,1.6908645629882812,64,24.553633492054857,5.237340927124023,24.152970173386677
